"Line","LineType","FromBus","ToBus","Reactance","FlowLimitForw","FlowLimitBack","FOR"
"F-2.To.F-1","AC","F-2","F-1",0.01792,10000,10000,0.003
"F-2.To.F-3","AC","F-2","F-3",0.01746,10000,10000,0.003
"F-2.To.F-5","AC","F-2","F-5",0.0579,10000,10000,0.003
"F-2.To.F-6Aveli","AC","F-2","F-6Aveli",0.01918,10000,10000,0.003
"F-11.To.F-2","AC","F-11","F-2",0.02058,10000,10000,0.003
"F-7.To.F-3","AC","F-7","F-3",0.02754,10000,10000,0.003
"F-16.To.F-3","AC","F-16","F-3",0.02157,10000,10000,0.003
"F-5.To.F-4","AC","F-5","F-4",0.03221,10000,10000,0.003
"F-5.To.F-6Aveli","AC","F-5","F-6Aveli",0.06009,10000,10000,0.003
"F-6Aveli.To.F-8","AC","F-6Aveli","F-8",0.00722,10000,10000,0.003
"F-8.To.F-6Aveli.(2)","AC","F-8","F-6Aveli",0.00631,10000,10000,0.003
"F-8.To.F-6Aveli.(3)","AC","F-8","F-6Aveli",0.0225,10000,10000,0.003
"F-6Aveli.To.F-9","AC","F-6Aveli","F-9",0.01149,10000,10000,0.003
"F-9.To.F-6Aveli.(2)","AC","F-9","F-6Aveli",0.03581,10000,10000,0.003
"F-16.To.F-6Aveli","AC","F-16","F-6Aveli",0.11512,10000,10000,0.003
"F-6Aveli.To.B-12Avel","AC","F-6Aveli","B-12Avel",0.01865,2550,2550,0.003
"F-7.To.F-16","AC","F-7","F-16",0.08706,10000,10000,0.003
"F-8.To.F-10","AC","F-8","F-10",0.07436,10000,10000,0.003
"F-8.To.F-10.(2)","AC","F-8","F-10",0.06086,10000,10000,0.003
"F-8.To.F-17lonn","AC","F-8","F-17lonn",0.02635,10000,10000,0.003
"F-17lonn.To.F-8.(2)","AC","F-17lonn","F-8",0.04754,10000,10000,0.003
"F-8.To.F-21","AC","F-8","F-21",0.07948,10000,10000,0.003
"F-9.To.F-11","AC","F-9","F-11",0.00967,10000,10000,0.003
"F-9.To.F-23","AC","F-9","F-23",0.08408,10000,10000,0.003
"F-10.To.F-14","AC","F-10","F-14",0.01759,10000,10000,0.003
"F-11.To.F-16","AC","F-11","F-16",0.01778,10000,10000,0.003
"F-23.To.F-11","AC","F-23","F-11",0.01227,10000,10000,0.003
"F-17lonn.To.F-12choo","AC","F-17lonn","F-12choo",0.0194,10000,10000,0.003
"B_Achene.To.F-12choo","AC","B_Achene","F-12choo",0.02104,1490,1490,0.003
"B_Moncea.To.F-12choo","DC","B_Moncea","F-12choo",0.02699,290,290,0.003
"F-13.To.F-16","AC","F-13","F-16",0.07604,10000,10000,0.003
"F-21.To.F-14","AC","F-21","F-14",0.07414,10000,10000,0.003
"F-15.To.F-16","AC","F-15","F-16",0.01781,10000,10000,0.003
"F-22.To.F-15","AC","F-22","F-15",0.00737,10000,10000,0.003
"F-16.To.F-20","AC","F-16","F-20",0.05279,10000,10000,0.003
"F-16.To.F-49","AC","F-16","F-49",0.01621,10000,10000,0.003
"F-49.To.F-16.(2)","AC","F-49","F-16",0.01644,10000,10000,0.003
"F-17lonn.To.F_Moulai","AC","F-17lonn","F_Moulai",0.02797,10000,10000,0.003
"F-17lonn.To.F-27","AC","F-17lonn","F-27",0.01323,10000,10000,0.003
"F-24.To.F-18","AC","F-24","F-18",0.05724,10000,10000,0.003
"F-19.To.F-22","AC","F-19","F-22",0.00671,10000,10000,0.003
"F-22.To.F-19.(2)","AC","F-22","F-19",0.00669,10000,10000,0.003
"F-23.To.F-21","AC","F-23","F-21",0.02446,10000,10000,0.003
"F-23.To.F-21.(2)","AC","F-23","F-21",0.0489,10000,10000,0.003
"F-21.To.F-43","AC","F-21","F-43",0.08766,10000,10000,0.003
"F-26.To.F-22","AC","F-26","F-22",0.09397,10000,10000,0.003
"F-22.To.F-42","AC","F-22","F-42",0.00929,10000,10000,0.003
"F-22.To.F-44","AC","F-22","F-44",0.01834,10000,10000,0.003
"F-22.To.F-45","AC","F-22","F-45",0.05575,10000,10000,0.003
"F-22.To.F-49","AC","F-22","F-49",0.02362,10000,10000,0.003
"F-31.To.F-23","AC","F-31","F-23",0.05866,10000,10000,0.003
"F-23.To.F-33","AC","F-23","F-33",0.04458,10000,10000,0.003
"F-23.To.F-35","AC","F-23","F-35",0.00834,10000,10000,0.003
"F-24.To.F_Moulai","AC","F-24","F_Moulai",0.08608,10000,10000,0.003
"F_Moulai.To.F-38","AC","F_Moulai","F-38",0.04911,10000,10000,0.003
"F_Moulai.To.F_Vigy","AC","F_Moulai","F_Vigy",0.01197,10000,10000,0.003
"B_Aubang.To.F_Moulai","AC","B_Aubang","F_Moulai",0.05988,762,762,0.003
"F-26.To.F-30","AC","F-26","F-30",0.01755,10000,10000,0.003
"F-27.To.F-46/47","AC","F-27","F-46/47",0.01355,10000,10000,0.003
"F-28.To.F_Vigy","AC","F-28","F_Vigy",0.00501,10000,10000,0.003
"F_Vigy.To.F-28.(2)","AC","F_Vigy","F-28",0.00665,10000,10000,0.003
"F-30.To.F-29","AC","F-30","F-29",0.03607,10000,10000,0.003
"F-29.To.F-42","AC","F-29","F-42",0.03356,10000,10000,0.003
"F-30.To.F-42","AC","F-30","F-42",0.04079,10000,10000,0.003
"F-31.To.F-49","AC","F-31","F-49",0.04246,10000,10000,0.003
"F-32.To.F-42","AC","F-32","F-42",0.01193,10000,10000,0.003
"F-33.To.F-40","AC","F-33","F-40",0.03178,10000,10000,0.003
"F-34.To.F-51","AC","F-34","F-51",0.00951,10000,10000,0.003
"F-90.To.F-34","AC","F-90","F-34",0.02157,10000,10000,0.003
"F-36.To.F-43","AC","F-36","F-43",0.06674,10000,10000,0.003
"F-42.To.F-37","AC","F-42","F-37",0.04913,10000,10000,0.003
"F-37.To.F-53","AC","F-37","F-53",0.0461,10000,10000,0.003
"F-38.To.F_Vigy","AC","F-38","F_Vigy",0.01435,10000,10000,0.003
"F-38.To.F_Vigy.(2)","AC","F-38","F_Vigy",0.01769,10000,10000,0.003
"F-38.To.F-63","AC","F-38","F-63",0.05267,10000,10000,0.003
"F_Vigy.To.F-41","AC","F_Vigy","F-41",0.04845,10000,10000,0.003
"F_Vigy.To.F-41.(2)","AC","F_Vigy","F-41",0.01553,10000,10000,0.003
"F_Vigy.To.F-63","AC","F_Vigy","F-63",0.00994,10000,10000,0.003
"F_Vigy.To.F-63.(2)","AC","F_Vigy","F-63",0.00859,10000,10000,0.003
"F_Vigy.To.D_185","AC","F_Vigy","D_185",0.01223,2340,2340,0.003
"F-40.To.F-49","AC","F-40","F-49",0.02262,10000,10000,0.003
"F-40.To.F-57","AC","F-40","F-57",0.08825,10000,10000,0.003
"F-40.To.F-74","AC","F-40","F-74",0.01232,10000,10000,0.003
"F-41.To.F-48","AC","F-41","F-48",0.02526,10000,10000,0.003
"F-41.To.F-72","AC","F-41","F-72",0.03858,10000,10000,0.003
"D-185.To.F-41","AC","D-185","F-41",0.04365,1000,1000,0.003
"F-42.To.F-50","AC","F-42","F-50",0.03124,10000,10000,0.003
"F-42.To.F-54","AC","F-42","F-54",0.01962,10000,10000,0.003
"F-42.To.F-62","AC","F-42","F-62",0.00802,10000,10000,0.003
"F-46/47.To.F-43","AC","F-46/47","F-43",0.01556,10000,10000,0.003
"F-52.To.F-43","AC","F-52","F-43",0.0142,10000,10000,0.003
"F-43.To.F-55","AC","F-43","F-55",0.06358,10000,10000,0.003
"F-49.To.F-44","AC","F-49","F-44",0.00604,10000,10000,0.003
"F-45.To.F-61","AC","F-45","F-61",0.0366,10000,10000,0.003
"F-87.To.F-46/47","AC","F-87","F-46/47",0.03207,10000,10000,0.003
"F-48.To.F-66","AC","F-48","F-66",0.05696,10000,10000,0.003
"F-49.To.F-57","AC","F-49","F-57",0.00572,10000,10000,0.003
"F-57.To.F-49.(2)","AC","F-57","F-49",0.00644,10000,10000,0.003
"F-49.To.F-59","AC","F-49","F-59",0.01093,10000,10000,0.003
"F-54.To.F-50","AC","F-54","F-50",0.02825,10000,10000,0.003
"F-54.To.F-51","AC","F-54","F-51",0.01735,10000,10000,0.003
"F-56.To.F-52","AC","F-56","F-52",0.04119,10000,10000,0.003
"F-53.To.F-67","AC","F-53","F-67",0.06379,10000,10000,0.003
"F-54.To.F-80","AC","F-54","F-80",0.05715,10000,10000,0.003
"F-69.To.F-55","AC","F-69","F-55",0.03847,10000,10000,0.003
"F-57.To.F-59","AC","F-57","F-59",0.0197,10000,10000,0.003
"F-57.To.F-59.(2)","AC","F-57","F-59",0.02421,10000,10000,0.003
"F-57.To.F-64","AC","F-57","F-64",0.02892,10000,10000,0.003
"F-57.To.F-74","AC","F-57","F-74",0.02149,10000,10000,0.003
"F-58.To.F-71","AC","F-58","F-71",0.04162,10000,10000,0.003
"F-71.To.F-58.(2)","AC","F-71","F-58",0.02104,10000,10000,0.003
"F-59.To.F-67","AC","F-59","F-67",0.00779,10000,10000,0.003
"F-67.To.F-59.(2)","AC","F-67","F-59",0.01908,10000,10000,0.003
"F-60.To.F-67","AC","F-60","F-67",0.0227,10000,10000,0.003
"F-60.To.F-76","AC","F-60","F-76",0.0227,10000,10000,0.003
"F-61.To.F-79","AC","F-61","F-79",0.04237,10000,10000,0.003
"F-62.To.F-67","AC","F-62","F-67",0.0145,10000,10000,0.003
"F-63.To.F-68","AC","F-63","F-68",0.04192,10000,10000,0.003
"F-68.To.F-63.(2)","AC","F-68","F-63",0.14096,10000,10000,0.003
"F-63.To.F-71","AC","F-63","F-71",0.0646,10000,10000,0.003
"F-63.To.F-83","AC","F-63","F-83",0.01143,10000,10000,0.003
"F-63.To.F-93","AC","F-63","F-93",0.08067,10000,10000,0.003
"F-64.To.F-87","AC","F-64","F-87",0.0304,10000,10000,0.003
"F-65.To.F-67","AC","F-65","F-67",0.01701,10000,10000,0.003
"F-66.To.F-71","AC","F-66","F-71",0.05241,10000,10000,0.003
"F-67.To.F-78","AC","F-67","F-78",0.01654,10000,10000,0.003
"F-79.To.F-67","AC","F-79","F-67",0.12774,10000,10000,0.003
"F-81.To.F-67","AC","F-81","F-67",0.01244,10000,10000,0.003
"F-69.To.F-68","AC","F-69","F-68",0.05783,10000,10000,0.003
"F-68.To.F-75","AC","F-68","F-75",0.05026,10000,10000,0.003
"F-87.To.F-68","AC","F-87","F-68",0.04327,10000,10000,0.003
"F-74.To.F-70","AC","F-74","F-70",0.05367,10000,10000,0.003
"F-70.To.F-89","AC","F-70","F-89",0.06839,10000,10000,0.003
"F-71.To.F-100","AC","F-71","F-100",0.03115,10000,10000,0.003
"F-71.To.F-100.(2)","AC","F-71","F-100",0.06921,10000,10000,0.003
"F-71.To.F_113","AC","F-71","F_113",0.03171,10000,10000,0.003
"F-72.To.F-93","AC","F-72","F-93",0.04671,10000,10000,0.003
"F-96.To.F-72","AC","F-96","F-72",0.24166,10000,10000,0.003
"F-73.To.F-94","AC","F-73","F-94",0.07722,10000,10000,0.003
"F-95.To.F-73","AC","F-95","F-73",0.11752,10000,10000,0.003
"F-81.To.F-74","AC","F-81","F-74",0.02591,10000,10000,0.003
"F-74.To.F-89","AC","F-74","F-89",0.01721,10000,10000,0.003
"F-74.To.F-98","AC","F-74","F-98",0.01054,10000,10000,0.003
"F-75.To.F-96","AC","F-75","F-96",0.06392,10000,10000,0.003
"F-76.To.F-82","AC","F-76","F-82",0.01586,10000,10000,0.003
"F-81.To.F-77","AC","F-81","F-77",0.01537,10000,10000,0.003
"F-80.To.F-79","AC","F-80","F-79",0.13086,10000,10000,0.003
"F-79.To.F-106","AC","F-79","F-106",0.06199,10000,10000,0.003
"F-90.To.F-80","AC","F-90","F-80",0.0833,10000,10000,0.003
"F-80.To.F-117","AC","F-80","F-117",0.08714,10000,10000,0.003
"F-81.To.F-98","AC","F-81","F-98",0.01581,10000,10000,0.003
"F-81.To.F-114","AC","F-81","F-114",0.01243,10000,10000,0.003
"F-81.To.F-118","AC","F-81","F-118",0.03842,10000,10000,0.003
"F-118.To.F-81.(2)","AC","F-118","F-81",0.0134,10000,10000,0.003
"F-87.To.F-83","AC","F-87","F-83",0.04102,10000,10000,0.003
"F-93.To.F-83","AC","F-93","F-83",0.00515,10000,10000,0.003
"F-84.To.F-95","AC","F-84","F-95",0.02803,10000,10000,0.003
"F-88.To.F-85","AC","F-88","F-85",0.03764,10000,10000,0.003
"F-85.To.F-90","AC","F-85","F-90",0.09897,10000,10000,0.003
"F-85.To.F-113","AC","F-85","F-113",0.10727,10000,10000,0.003
"F-86.To.F-97","AC","F-86","F-97",0.03686,10000,10000,0.003
"F-101.To.F-86","AC","F-101","F-86",0.06893,10000,10000,0.003
"F-87.To.F-89","AC","F-87","F-89",0.0057,10000,10000,0.003
"F-87.To.F-96","AC","F-87","F-96",0.01269,10000,10000,0.003
"F-87.To.F-98","AC","F-87","F-98",0.01839,10000,10000,0.003
"F-87.To.F-149","AC","F-87","F-149",0.03109,10000,10000,0.003
"F-94.To.F-88","AC","F-94","F-88",0.05204,10000,10000,0.003
"F-113.To.F-90","AC","F-113","F-90",0.01236,10000,10000,0.003
"F-91.To.F-92","AC","F-91","F-92",0.02237,10000,10000,0.003
"F-91.To.F-92.(2)","AC","F-91","F-92",0.061,10000,10000,0.003
"F-92.To.F-95","AC","F-92","F-95",0.03229,10000,10000,0.003
"F-92.To.F-115","AC","F-92","F-115",0.06263,10000,10000,0.003
"F-92.To.F-115.(2)","AC","F-92","F-115",0.05921,10000,10000,0.003
"F-154/15.To.F-92","AC","F-154/15","F-92",0.05158,10000,10000,0.003
"F-93.To.F-101","AC","F-93","F-101",0.01973,10000,10000,0.003
"F-104.To.F-93","AC","F-104","F-93",0.04204,10000,10000,0.003
"F-93.To.F-107","AC","F-93","F-107",0.02055,10000,10000,0.003
"F-94.To.F-113","AC","F-94","F-113",0.04912,10000,10000,0.003
"F-96.To.F-102","AC","F-96","F-102",0.03472,10000,10000,0.003
"F-96.To.F-110","AC","F-96","F-110",0.09183,10000,10000,0.003
"F-149.To.F-96","AC","F-149","F-96",0.04797,10000,10000,0.003
"F-97.To.F-107","AC","F-97","F-107",0.03387,10000,10000,0.003
"F-98.To.F-105","AC","F-98","F-105",0.03225,10000,10000,0.003
"F-111.To.F-98","AC","F-111","F-98",0.06266,10000,10000,0.003
"F-125.To.F-98","AC","F-125","F-98",0.03624,10000,10000,0.003
"F-98.To.F-133","AC","F-98","F-133",0.0154,10000,10000,0.003
"F-133.To.F-98.(2)","AC","F-133","F-98",0.0363,10000,10000,0.003
"F-118.To.F-99","AC","F-118","F-99",0.03209,10000,10000,0.003
"F-100.To.F_113","AC","F-100","F_113",0.02966,10000,10000,0.003
"F-101.To.F-108","AC","F-101","F-108",0.01794,10000,10000,0.003
"F-102.To.F-124","AC","F-102","F-124",0.0948,10000,10000,0.003
"F-103.To.F-106","AC","F-103","F-106",0.03594,10000,10000,0.003
"F-120.To.F-105","AC","F-120","F-105",0.03315,10000,10000,0.003
"F-106.To.F-128","AC","F-106","F-128",0.06137,10000,10000,0.003
"F_113.To.F-107","AC","F_113","F-107",0.00607,10000,10000,0.003
"F-118.To.F-109","AC","F-118","F-109",0.02746,10000,10000,0.003
"F-110.To.F-119","AC","F-110","F-119",0.05909,10000,10000,0.003
"F-125.To.F-111","AC","F-125","F-111",0.05007,10000,10000,0.003
"F_113.To.F_Sieren","AC","F_113","F_Sieren",0.00642,10000,10000,0.003
"F_113.To.F_Sieren.(2)","AC","F_113","F_Sieren",0.01598,10000,10000,0.003
"F_113.To.D_Eichst","AC","F_113","D_Eichst",0.00416,1790,1790,0.003
"F-113.To.F-128","AC","F-113","F-128",0.0358,10000,10000,0.003
"F-113.To.F-136","AC","F-113","F-136",0.00898,10000,10000,0.003
"F-154/15.To.F-113","AC","F-154/15","F-113",0.1114,10000,10000,0.003
"F-118.To.F-114","AC","F-118","F-114",0.00965,10000,10000,0.003
"F-114.To.F-133","AC","F-114","F-133",0.00843,10000,10000,0.003
"F-114.To.F-142","AC","F-114","F-142",0.01701,10000,10000,0.003
"F-126.To.F-115","AC","F-126","F-115",0.03805,10000,10000,0.003
"F-115.To.F-130","AC","F-115","F-130",0.08952,10000,10000,0.003
"F-116.To.F-128","AC","F-116","F-128",0.01978,10000,10000,0.003
"F-117.To.F-146","AC","F-117","F-146",0.0858,10000,10000,0.003
"F-118.To.F-132","AC","F-118","F-132",0.01543,10000,10000,0.003
"F-118.To.F-137","AC","F-118","F-137",0.01261,10000,10000,0.003
"F-119.To.F-131","AC","F-119","F-131",0.099,10000,10000,0.003
"F-120.To.F-133","AC","F-120","F-133",0.03759,10000,10000,0.003
"F-121.To.F_Sieren","AC","F-121","F_Sieren",0.04156,10000,10000,0.003
"F_Sieren.To.F-121.(2)","AC","F_Sieren","F-121",0.01937,10000,10000,0.003
"F-128.To.F-122","AC","F-128","F-122",0.05243,10000,10000,0.003
"F-130.To.F-123","AC","F-130","F-123",0.1245,10000,10000,0.003
"F-123.To.F-147","AC","F-123","F-147",0.10445,10000,10000,0.003
"F-124.To.F-149","AC","F-124","F-149",0.09294,10000,10000,0.003
"F-127.To.F-125","AC","F-127","F-125",0.01585,10000,10000,0.003
"F-134.To.F-125","AC","F-134","F-125",0.04932,10000,10000,0.003
"F-125.To.F-149","AC","F-125","F-149",0.04288,10000,10000,0.003
"F-130.To.F-126","AC","F-130","F-126",0.06672,10000,10000,0.003
"F-143.To.F-127","AC","F-143","F-127",0.05017,10000,10000,0.003
"F-144.To.F-128","AC","F-144","F-128",0.01109,10000,10000,0.003
"F-128.To.F-157","AC","F-128","F-157",0.046,10000,10000,0.003
"F_Sieren.To.F-135","AC","F_Sieren","F-135",0.07446,10000,10000,0.003
"F-135.To.F_Sieren.(2)","AC","F-135","F_Sieren",0.08247,10000,10000,0.003
"F_Sieren.To.F_Mambel","AC","F_Sieren","F_Mambel",0.02112,10000,10000,0.003
"F-130.To.F-138","AC","F-130","F-138",0.0744,10000,10000,0.003
"F-130.To.F-147","AC","F-130","F-147",0.15076,10000,10000,0.003
"F-131.To.F-135","AC","F-131","F-135",0.07146,10000,10000,0.003
"F-132.To.F-137","AC","F-132","F-137",0.00557,10000,10000,0.003
"F-132.To.F-173","AC","F-132","F-173",0.14582,10000,10000,0.003
"F-132.To.F-183","AC","F-132","F-183",0.1865,10000,10000,0.003
"F-133.To.F-165","AC","F-133","F-165",0.03535,10000,10000,0.003
"F-165.To.F-133.(2)","AC","F-165","F-133",0.03817,10000,10000,0.003
"F-133.To.F-166","AC","F-133","F-166",0.14433,10000,10000,0.003
"F-149.To.F-134","AC","F-149","F-134",0.08099,10000,10000,0.003
"F-135.To.F_Mambel","AC","F-135","F_Mambel",0.01905,10000,10000,0.003
"F-135.To.F_Mambel.(2)","AC","F-135","F_Mambel",0.02844,10000,10000,0.003
"F-136.To.F-154/15","AC","F-136","F-154/15",0.01225,10000,10000,0.003
"F-137.To.F-139","AC","F-137","F-139",0.00691,10000,10000,0.003
"F-137.To.F-183","AC","F-137","F-183",0.05305,10000,10000,0.003
"F-138.To.F-147","AC","F-138","F-147",0.06923,10000,10000,0.003
"F-139.To.F-140","AC","F-139","F-140",0.00671,10000,10000,0.003
"F-144.To.F-140","AC","F-144","F-140",0.00941,10000,10000,0.003
"F_Mambel.To.F-148","AC","F_Mambel","F-148",0.03342,10000,10000,0.003
"F-163.To.F_Mambel","AC","F-163","F_Mambel",0.11627,10000,10000,0.003
"F_Mambel.To.F-195","AC","F_Mambel","F-195",0.06628,10000,10000,0.003
"F-142.To.F-166","AC","F-142","F-166",0.01554,10000,10000,0.003
"F-143.To.F-152","AC","F-143","F-152",0.0352,10000,10000,0.003
"F-144.To.F-151","AC","F-144","F-151",0.00521,10000,10000,0.003
"F-159.To.F-144","AC","F-159","F-144",0.01842,10000,10000,0.003
"F-149.To.F-145","AC","F-149","F-145",0.04482,10000,10000,0.003
"F-146.To.F-159","AC","F-146","F-159",0.02882,10000,10000,0.003
"F-147.To.F-154/15","AC","F-147","F-154/15",0.01599,10000,10000,0.003
"F-147.To.F-154/15.(2)","AC","F-147","F-154/15",0.01549,10000,10000,0.003
"F-148.To.F-168","AC","F-148","F-168",0.06282,10000,10000,0.003
"F-149.To.F-150","AC","F-149","F-150",0.03992,10000,10000,0.003
"F-158.To.F-149","AC","F-158","F-149",0.11682,10000,10000,0.003
"F-149.To.F-167","AC","F-149","F-167",0.01053,10000,10000,0.003
"F-176.To.F-149","AC","F-176","F-149",0.03231,10000,10000,0.003
"F-149.To.F-195","AC","F-149","F-195",0.07201,10000,10000,0.003
"F-195.To.F-149.(2)","AC","F-195","F-149",0.03555,10000,10000,0.003
"F-158.To.F-150","AC","F-158","F-150",0.06067,10000,10000,0.003
"F-157.To.F-151","AC","F-157","F-151",0.01157,10000,10000,0.003
"F-152.To.F-166","AC","F-152","F-166",0.06521,10000,10000,0.003
"F-154/15.To.F-153","AC","F-154/15","F-153",0.02157,10000,10000,0.003
"F-159.To.F-154/15","AC","F-159","F-154/15",0.03562,10000,10000,0.003
"F-154/15.To.F-160","AC","F-154/15","F-160",0.03627,10000,10000,0.003
"F-154/15.To.F-160.(2)","AC","F-154/15","F-160",0.01653,10000,10000,0.003
"F-157.To.F-159","AC","F-157","F-159",0.00738,10000,10000,0.003
"F-158.To.F-169","AC","F-158","F-169",0.07658,10000,10000,0.003
"F-158.To.F-171","AC","F-158","F-171",0.05946,10000,10000,0.003
"F-159.To.F-164","AC","F-159","F-164",0.0927,10000,10000,0.003
"F-164.To.F-159.(2)","AC","F-164","F-159",0.10344,10000,10000,0.003
"F-159.To.F-170","AC","F-159","F-170",0.1042,10000,10000,0.003
"F-170.To.F-159.(2)","AC","F-170","F-159",0.10382,10000,10000,0.003
"F-175.To.F-159","AC","F-175","F-159",0.00965,10000,10000,0.003
"F-160.To.F-162","AC","F-160","F-162",0.05551,10000,10000,0.003
"F-160.To.F-164","AC","F-160","F-164",0.09683,10000,10000,0.003
"F-160.To.F-172","AC","F-160","F-172",0.06108,10000,10000,0.003
"F-161.To.F-165","AC","F-161","F-165",0.08272,10000,10000,0.003
"F-164.To.F-162","AC","F-164","F-162",0.04377,10000,10000,0.003
"F-164.To.F-190/19","AC","F-164","F-190/19",0.11978,10000,10000,0.003
"F-165.To.F-183","AC","F-165","F-183",0.11673,10000,10000,0.003
"F-183.To.F-165.(2)","AC","F-183","F-165",0.03704,10000,10000,0.003
"F-193.To.F-165","AC","F-193","F-165",0.02351,10000,10000,0.003
"F-234.To.F-165","AC","F-234","F-165",0.07714,10000,10000,0.003
"F-193.To.F-166","AC","F-193","F-166",0.015,10000,10000,0.003
"F-167.To.F-174","AC","F-167","F-174",0.00652,10000,10000,0.003
"F-168.To.F-195","AC","F-168","F-195",0.0943,10000,10000,0.003
"F-176.To.F-169","AC","F-176","F-169",0.02058,10000,10000,0.003
"F-170.To.F-180","AC","F-170","F-180",0.04043,10000,10000,0.003
"F-170.To.F-183","AC","F-170","F-183",0.13395,10000,10000,0.003
"F-171.To.F-181","AC","F-171","F-181",0.03696,10000,10000,0.003
"F-172.To.F-178","AC","F-172","F-178",0.033,10000,10000,0.003
"F-173.To.F-183","AC","F-173","F-183",0.05746,10000,10000,0.003
"F-174.To.F-176","AC","F-174","F-176",0.03768,10000,10000,0.003
"F-177.To.F-174","AC","F-177","F-174",0.04496,10000,10000,0.003
"F-174.To.F-187","AC","F-174","F-187",0.01038,10000,10000,0.003
"F-175.To.F-196","AC","F-175","F-196",0.01653,10000,10000,0.003
"F-177.To.F-176","AC","F-177","F-176",0.07635,10000,10000,0.003
"F-176.To.F-215","AC","F-176","F-215",0.12583,10000,10000,0.003
"F-197.To.F-178","AC","F-197","F-178",0.09642,10000,10000,0.003
"F-193.To.F-179","AC","F-193","F-179",0.02732,10000,10000,0.003
"F-180.To.F-185","AC","F-180","F-185",0.02384,10000,10000,0.003
"F-189.To.F-181","AC","F-189","F-181",0.03976,10000,10000,0.003
"F-181.To.F-195","AC","F-181","F-195",0.04641,10000,10000,0.003
"F-182.To.F_Cornie","AC","F-182","F_Cornie",0.01726,10000,10000,0.003
"F-185.To.F-183","AC","F-185","F-183",0.01871,10000,10000,0.003
"F-186.To.F-183","AC","F-186","F-183",0.10348,10000,10000,0.003
"F-183.To.F-201","AC","F-183","F-201",0.04738,10000,10000,0.003
"F-183.To.F-203","AC","F-183","F-203",0.06231,10000,10000,0.003
"F-183.To.F-208","AC","F-183","F-208",0.09595,10000,10000,0.003
"F-209.To.F-183","AC","F-209","F-183",0.03708,10000,10000,0.003
"F-227.To.F-183","AC","F-227","F-183",0.1503,10000,10000,0.003
"F-183.To.F-255","AC","F-183","F-255",0.09254,10000,10000,0.003
"F-195.To.F_BoisTo","AC","F-195","F_BoisTo",0.00447,10000,10000,0.003
"F-196.To.F-185","AC","F-196","F-185",0.02586,10000,10000,0.003
"F-186.To.F-188","AC","F-186","F-188",0.02776,10000,10000,0.003
"F-187.To.F-204","AC","F-187","F-204",0.00851,10000,10000,0.003
"F-188.To.F-193","AC","F-188","F-193",0.0515,10000,10000,0.003
"F-189.To.F-195","AC","F-189","F-195",0.05062,10000,10000,0.003
"F-190/19.To.F-196","AC","F-190/19","F-196",0.02757,10000,10000,0.003
"F-197.To.F-190/19","AC","F-197","F-190/19",0.08458,10000,10000,0.003
"F-190/19.To.F-221/22","AC","F-190/19","F-221/22",0.11535,10000,10000,0.003
"F_Cornie.To.F-194","AC","F_Cornie","F-194",0.02775,10000,10000,0.003
"F-195.To.F_Cornie","AC","F-195","F_Cornie",0.02172,10000,10000,0.003
"F-195.To.F_Cornie.(2)","AC","F-195","F_Cornie",0.06123,10000,10000,0.003
"F-193.To.F-199","AC","F-193","F-199",0.01837,10000,10000,0.003
"F-193.To.F-200","AC","F-193","F-200",0.08868,10000,10000,0.003
"F-193.To.F-213","AC","F-193","F-213",0.07049,10000,10000,0.003
"F-193.To.F-220","AC","F-193","F-220",0.01358,10000,10000,0.003
"F-198.To.F-194","AC","F-198","F-194",0.03318,10000,10000,0.003
"F-202.To.F-195","AC","F-202","F-195",0.0467,10000,10000,0.003
"F-206.To.F-195","AC","F-206","F-195",0.07352,10000,10000,0.003
"F-195.To.F-210","AC","F-195","F-210",0.01161,10000,10000,0.003
"F-195.To.F-211","AC","F-195","F-211",0.02967,10000,10000,0.003
"F-195.To.F-215","AC","F-195","F-215",0.12109,10000,10000,0.003
"F-196.To.F-207","AC","F-196","F-207",0.02631,10000,10000,0.003
"F-196.To.F-224","AC","F-196","F-224",0.01266,10000,10000,0.003
"F-197.To.F-207","AC","F-197","F-207",0.03803,10000,10000,0.003
"F-197.To.F-221/22","AC","F-197","F-221/22",0.15867,10000,10000,0.003
"F-198.To.F-212","AC","F-198","F-212",0.03936,10000,10000,0.003
"F-199.To.F-204","AC","F-199","F-204",0.03738,10000,10000,0.003
"F-201.To.F-205","AC","F-201","F-205",0.02539,10000,10000,0.003
"F-214.To.F-201","AC","F-214","F-201",0.04554,10000,10000,0.003
"F-211.To.F-202","AC","F-211","F-202",0.05275,10000,10000,0.003
"F-227.To.F-203","AC","F-227","F-203",0.10425,10000,10000,0.003
"F-204.To.F-206","AC","F-204","F-206",0.01307,10000,10000,0.003
"F-204.To.F-215","AC","F-204","F-215",0.01189,10000,10000,0.003
"F-204.To.F-215.(2)","AC","F-204","F-215",0.0264,10000,10000,0.003
"F-206.To.F-215","AC","F-206","F-215",0.02515,10000,10000,0.003
"F-227.To.F-208","AC","F-227","F-208",0.06004,10000,10000,0.003
"F-247.To.F-209","AC","F-247","F-209",0.0645,10000,10000,0.003
"F-210.To.F-215","AC","F-210","F-215",0.00684,10000,10000,0.003
"F-210.To.F-215.(2)","AC","F-210","F-215",0.04894,10000,10000,0.003
"F-210.To.F-223","AC","F-210","F-223",0.01637,10000,10000,0.003
"F-211.To.F-218","AC","F-211","F-218",0.0377,10000,10000,0.003
"F-211.To.F-219","AC","F-211","F-219",0.01001,10000,10000,0.003
"F-211.To.F-223","AC","F-211","F-223",0.00813,10000,10000,0.003
"F-211.To.F-228","AC","F-211","F-228",0.05625,10000,10000,0.003
"F-211.To.F-228.(2)","AC","F-211","F-228",0.05384,10000,10000,0.003
"F-212.To.F-217","AC","F-212","F-217",0.02822,10000,10000,0.003
"F-212.To.F-218","AC","F-212","F-218",0.03014,10000,10000,0.003
"F-213.To.F-220","AC","F-213","F-220",0.03582,10000,10000,0.003
"F-214.To.F-234","AC","F-214","F-234",0.06699,10000,10000,0.003
"F-215.To.F-216","AC","F-215","F-216",0.08218,10000,10000,0.003
"F-215.To.F-223","AC","F-215","F-223",0.02145,10000,10000,0.003
"F-215.To.F-225","AC","F-215","F-225",0.02595,10000,10000,0.003
"F-225.To.F-215.(2)","AC","F-225","F-215",0.07866,10000,10000,0.003
"F-226.To.F-215","AC","F-226","F-215",0.05082,10000,10000,0.003
"F-226.To.F-215.(2)","AC","F-226","F-215",0.03302,10000,10000,0.003
"F-229.To.F-215","AC","F-229","F-215",0.07263,10000,10000,0.003
"F-229.To.F-215.(2)","AC","F-229","F-215",0.07749,10000,10000,0.003
"F-215.To.F-231","AC","F-215","F-231",0.04424,10000,10000,0.003
"F-236.To.F-215","AC","F-236","F-215",0.03606,10000,10000,0.003
"F-215.To.F-259","AC","F-215","F-259",0.02478,10000,10000,0.003
"F-216.To.F-223","AC","F-216","F-223",0.05917,10000,10000,0.003
"F-219.To.F-232","AC","F-219","F-232",0.01883,10000,10000,0.003
"F-220.To.F-244","AC","F-220","F-244",0.09296,10000,10000,0.003
"F-221/22.To.F-242","AC","F-221/22","F-242",0.07514,10000,10000,0.003
"F-221/22.To.F-245","AC","F-221/22","F-245",0.11544,10000,10000,0.003
"F-221/22.To.F-247","AC","F-221/22","F-247",0.10221,10000,10000,0.003
"F-223.To.F-230","AC","F-223","F-230",0.01994,10000,10000,0.003
"F-224.To.F-238","AC","F-224","F-238",0.00814,10000,10000,0.003
"F-225.To.F-236","AC","F-225","F-236",0.00705,10000,10000,0.003
"F-225.To.F-236.(2)","AC","F-225","F-236",0.03393,10000,10000,0.003
"F-226.To.F-259","AC","F-226","F-259",0.01678,10000,10000,0.003
"F-227.To.F-234","AC","F-227","F-234",0.02751,10000,10000,0.003
"F-227.To.F-255","AC","F-227","F-255",0.09591,10000,10000,0.003
"F-227.To.F-255.(2)","AC","F-227","F-255",0.09887,10000,10000,0.003
"F-228.To.F-232","AC","F-228","F-232",0.04955,10000,10000,0.003
"F-235.To.F-229","AC","F-235","F-229",0.03464,10000,10000,0.003
"F-230.To.F-236","AC","F-230","F-236",0.0307,10000,10000,0.003
"F-231.To.F-249","AC","F-231","F-249",0.04998,10000,10000,0.003
"F-236.To.F-233","AC","F-236","F-233",0.00772,10000,10000,0.003
"F-234.To.F-237","AC","F-234","F-237",0.08585,10000,10000,0.003
"F-234.To.F-246","AC","F-234","F-246",0.03121,10000,10000,0.003
"F-252.To.F-234","AC","F-252","F-234",0.10285,10000,10000,0.003
"F-234.To.F-255","AC","F-234","F-255",0.02843,10000,10000,0.003
"F-234.To.F-261","AC","F-234","F-261",0.09565,10000,10000,0.003
"F-244.To.F-235","AC","F-244","F-235",0.06348,10000,10000,0.003
"F-236.To.F-243","AC","F-236","F-243",0.01403,10000,10000,0.003
"F-236.To.F-251","AC","F-236","F-251",0.0551,10000,10000,0.003
"F-236.To.F-251.(2)","AC","F-236","F-251",0.0517,10000,10000,0.003
"F-237.To.F-252","AC","F-237","F-252",0.04727,10000,10000,0.003
"F-238.To.F-247","AC","F-238","F-247",0.00409,10000,10000,0.003
"F-255.To.F-239","AC","F-255","F-239",0.0546,10000,10000,0.003
"F-240.To.F-247","AC","F-240","F-247",0.06558,10000,10000,0.003
"F-241.To.F-251","AC","F-241","F-251",0.03259,10000,10000,0.003
"F-242.To.F-247","AC","F-242","F-247",0.03646,10000,10000,0.003
"F-243.To.F-258","AC","F-243","F-258",0.04086,10000,10000,0.003
"F-248.To.F-244","AC","F-248","F-244",0.07122,10000,10000,0.003
"F-244.To.F-254","AC","F-244","F-254",0.05305,10000,10000,0.003
"F-244.To.F-257","AC","F-244","F-257",0.10236,10000,10000,0.003
"F-244.To.F-264","AC","F-244","F-264",0.10878,10000,10000,0.003
"F-245.To.F-253","AC","F-245","F-253",0.04107,10000,10000,0.003
"F-247.To.F-253","AC","F-247","F-253",0.06636,10000,10000,0.003
"F-247.To.F-263","AC","F-247","F-263",0.01266,10000,10000,0.003
"F-247.To.F-263.(2)","AC","F-247","F-263",0.01118,10000,10000,0.003
"F-266.To.F-247","AC","F-266","F-247",0.09873,10000,10000,0.003
"F-247.To.F-279","AC","F-247","F-279",0.03919,10000,10000,0.003
"F-248.To.F-255","AC","F-248","F-255",0.04844,10000,10000,0.003
"F-256.To.F-250","AC","F-256","F-250",0.03029,10000,10000,0.003
"F-253.To.F-265","AC","F-253","F-265",0.05147,10000,10000,0.003
"F-255.To.F-254","AC","F-255","F-254",0.07039,10000,10000,0.003
"F-255.To.F-260","AC","F-255","F-260",0.02813,10000,10000,0.003
"F-261.To.F-255","AC","F-261","F-255",0.06368,10000,10000,0.003
"F-255.To.F-268","AC","F-255","F-268",0.05905,10000,10000,0.003
"F-312.To.F-255","AC","F-312","F-255",0.06879,10000,10000,0.003
"F-256.To.F-267","AC","F-256","F-267",0.04352,10000,10000,0.003
"F-257.To.F-267","AC","F-257","F-267",0.07845,10000,10000,0.003
"F-269.To.F-258","AC","F-269","F-258",0.06319,10000,10000,0.003
"F-258.To.F-270","AC","F-258","F-270",0.05317,10000,10000,0.003
"F-259.To.F-267","AC","F-259","F-267",0.00655,10000,10000,0.003
"F-259.To.F-275","AC","F-259","F-275",0.01489,10000,10000,0.003
"F-261.To.F-277","AC","F-261","F-277",0.0983,10000,10000,0.003
"F-261.To.F-292","AC","F-261","F-292",0.15216,10000,10000,0.003
"F-262.To.F-263","AC","F-262","F-263",0.02552,10000,10000,0.003
"F-262.To.F-263.(2)","AC","F-262","F-263",0.01841,10000,10000,0.003
"F-263.To.F_canteg","AC","F-263","F_canteg",0.03013,10000,10000,0.003
"F-263.To.F_canteg.(2)","AC","F-263","F_canteg",0.02924,10000,10000,0.003
"F-267.To.F-264","AC","F-267","F-264",0.06565,10000,10000,0.003
"F-265.To.F-292","AC","F-265","F-292",0.11211,10000,10000,0.003
"F-266.To.F-273","AC","F-266","F-273",0.06618,10000,10000,0.003
"F-267.To.F-272","AC","F-267","F-272",0.07784,10000,10000,0.003
"F-267.To.F-274.(2)","AC","F-267","F-274",0.06449,10000,10000,0.003
"F-267.To.F-275","AC","F-267","F-275",0.04618,10000,10000,0.003
"F-275.To.F-267.(2)","AC","F-275","F-267",0.00733,10000,10000,0.003
"F-268.To.F-277","AC","F-268","F-277",0.07318,10000,10000,0.003
"F-276.To.F-269","AC","F-276","F-269",0.06132,10000,10000,0.003
"F-270.To.F-271","AC","F-270","F-271",0.02845,10000,10000,0.003
"F-276.To.F-271","AC","F-276","F-271",0.02975,10000,10000,0.003
"F-271.To.F-282","AC","F-271","F-282",0.0557,10000,10000,0.003
"F-272.To.F-275","AC","F-272","F-275",0.02979,10000,10000,0.003
"F-278.To.F-272","AC","F-278","F-272",0.06131,10000,10000,0.003
"F-273.To.F-279","AC","F-273","F-279",0.03986,10000,10000,0.003
"F-274.To.F-291","AC","F-274","F-291",0.05802,10000,10000,0.003
"F-275.To.F-283","AC","F-275","F-283",0.00684,10000,10000,0.003
"F-285.To.F-275","AC","F-285","F-275",0.0232,10000,10000,0.003
"F-275.To.F-287","AC","F-275","F-287",0.02718,10000,10000,0.003
"F-294.To.F-275","AC","F-294","F-275",0.02056,10000,10000,0.003
"F-275.To.F-299","AC","F-275","F-299",0.01952,10000,10000,0.003
"F-276.To.F-287","AC","F-276","F-287",0.03089,10000,10000,0.003
"F-277.To.F-278","AC","F-277","F-278",0.11453,10000,10000,0.003
"F-281.To.F-277","AC","F-281","F-277",0.08441,10000,10000,0.003
"F-277.To.F-296","AC","F-277","F-296",0.06272,10000,10000,0.003
"F-277.To.F-301","AC","F-277","F-301",0.08724,10000,10000,0.003
"F-279.To.F-292","AC","F-279","F-292",0.06645,10000,10000,0.003
"F-279.To.F-292.(2)","AC","F-279","F-292",0.06303,10000,10000,0.003
"F-286.To.F-280","AC","F-286","F-280",0.1127,10000,10000,0.003
"F-306.To.F-280","AC","F-306","F-280",0.02394,10000,10000,0.003
"F-281.To.F-300","AC","F-281","F-300",0.0843,10000,10000,0.003
"F-282.To.F-303","AC","F-282","F-303",0.07198,10000,10000,0.003
"F-283.To.F-291","AC","F-283","F-291",0.04878,10000,10000,0.003
"F_canteg.To.F-289","AC","F_canteg","F-289",0.05721,10000,10000,0.003
"F_canteg.To.F-289.(2)","AC","F_canteg","F-289",0.05105,10000,10000,0.003
"F_canteg.To.F_Mougue","AC","F_canteg","F_Mougue",0.10109,10000,10000,0.003
"F_canteg.To.F-311","AC","F_canteg","F-311",0.04201,10000,10000,0.003
"F-290.To.F-285","AC","F-290","F-285",0.03648,10000,10000,0.003
"F-288.To.F-286","AC","F-288","F-286",0.09266,10000,10000,0.003
"F-287.To.F-303","AC","F-287","F-303",0.06976,10000,10000,0.003
"F-287.To.F-310","AC","F-287","F-310",0.06927,10000,10000,0.003
"F-291.To.F-288","AC","F-291","F-288",0.03541,10000,10000,0.003
"F-294.To.F-290","AC","F-294","F-290",0.05126,10000,10000,0.003
"F-291.To.F-303","AC","F-291","F-303",0.04121,10000,10000,0.003
"F-292.To.F-298","AC","F-292","F-298",0.03011,10000,10000,0.003
"F-292.To.F-300","AC","F-292","F-300",0.00871,10000,10000,0.003
"F-302.To.F-292","AC","F-302","F-292",0.09984,10000,10000,0.003
"F-292.To.F-307","AC","F-292","F-307",0.03503,10000,10000,0.003
"F-306.To.F-293","AC","F-306","F-293",0.0516,10000,10000,0.003
"F-295.To.F-294","AC","F-295","F-294",0.03866,10000,10000,0.003
"F-308.To.F-294","AC","F-308","F-294",0.08048,10000,10000,0.003
"F-312.To.F-294","AC","F-312","F-294",0.02324,10000,10000,0.003
"F-296.To.F-308","AC","F-296","F-308",0.04138,10000,10000,0.003
"F-297.To.F-303","AC","F-297","F-303",0.05705,10000,10000,0.003
"F-299.To.F-305","AC","F-299","F-305",0.01632,10000,10000,0.003
"F-299.To.F-306","AC","F-299","F-306",0.01526,10000,10000,0.003
"F-300.To.F-301","AC","F-300","F-301",0.09481,10000,10000,0.003
"F-307.To.F-300","AC","F-307","F-300",0.02506,10000,10000,0.003
"F-307.To.F-300.(2)","AC","F-307","F-300",0.05388,10000,10000,0.003
"F-300.To.F-309","AC","F-300","F-309",0.00737,10000,10000,0.003
"F-317.To.F-300","AC","F-317","F-300",0.02659,10000,10000,0.003
"F-317.To.F-302","AC","F-317","F-302",0.10235,10000,10000,0.003
"F-303.To.F-310","AC","F-303","F-310",0.08183,10000,10000,0.003
"F-307.To.F-316","AC","F-307","F-316",0.05968,10000,10000,0.003
"F-307.To.F-319","AC","F-307","F-319",0.08434,10000,10000,0.003
"F-308.To.F-312","AC","F-308","F-312",0.07335,10000,10000,0.003
"F-308.To.F-314","AC","F-308","F-314",0.03434,10000,10000,0.003
"F-312.To.F-309","AC","F-312","F-309",0.01473,10000,10000,0.003
"F-311.To.F-317","AC","F-311","F-317",0.02571,10000,10000,0.003
"F-311.To.F-318","AC","F-311","F-318",0.05475,10000,10000,0.003
"F-311.To.F_pragne","AC","F-311","F_pragne",0.09265,10000,10000,0.003
"F-312.To.F-313","AC","F-312","F-313",0.03441,10000,10000,0.003
"F-312.To.F-314","AC","F-312","F-314",0.01992,10000,10000,0.003
"F-312.To.F_Baixas","AC","F-312","F_Baixas",0.01345,10000,10000,0.003
"F-315.To.F-317","AC","F-315","F-317",0.06849,10000,10000,0.003
"F-316.To.F-319","AC","F-316","F-319",0.04408,10000,10000,0.003
"F_pragne.To.F-317","AC","F_pragne","F-317",0.10159,10000,10000,0.003
"F-319.To.F-322","AC","F-319","F-322",0.05036,10000,10000,0.003
"B_Zandvl.To.B-2","AC","B_Zandvl","B-2",0.0052,1401,1401,0.003
"NL-new1.To.B_Zandvl","DC","NL-new1","B_Zandvl",0.00776,3290,3290,0.003
"B-2.To.B-4","AC","B-2","B-4",0.00434,1501,1501,0.003
"B-6.To.B-2","AC","B-6","B-2",0.00837,1001,1001,0.003
"B-2.To.B-8","AC","B-2","B-8",0.00753,3101,3101,0.003
"B-2.To.B-10","AC","B-2","B-10",0.00655,2801,2801,0.003
"B-3.To.B-6","AC","B-3","B-6",0.00666,2601,2601,0.003
"B-12Avel.To.B-3","AC","B-12Avel","B-3",0.00998,1401,1401,0.003
"B-4.To.B-5","AC","B-4","B-5",0.01083,801,801,0.003
"B-5.To.B_meerho","AC","B-5","B_meerho",0.01562,1520,1520,0.003
"B-7.To.B-11","AC","B-7","B-11",0.01731,701,701,0.003
"B-9.To.B-12Avel","AC","B-9","B-12Avel",0.00547,2001,2001,0.003
"B-10.To.B-13","AC","B-10","B-13",0.00713,2801,2801,0.003
"B-11.To.B-15","AC","B-11","B-15",0.03154,2001,2001,0.003
"B-13.To.B-17","AC","B-13","B-17",0.00738,2501,2501,0.003
"B-16.To.B_15","AC","B-16","B_15",0.00747,2501,2501,0.003
"B-18.To.B_15","AC","B-18","B_15",0.02322,1801,1801,0.003
"B_15.To.B_Achene","AC","B_15","B_Achene",0.01076,2101,2101,0.003
"B_new1.To.B_15","AC","B_new1","B_15",0.03974,8200,8200,0.003
"B-15.To.B-20","AC","B-15","B-20",0.02688,2001,2001,0.003
"B-17.To.B-16","AC","B-17","B-16",0.00581,2301,2301,0.003
"B-18.To.B-20","AC","B-18","B-20",0.00793,1601,1601,0.003
"B-20.To.B_Aubang","AC","B-20","B_Aubang",0.00885,1301,1301,0.003
"B_Aubang.To.Lx-3","DC","B_Aubang","Lx-3",0.0179,716,716,0.003
"B_meerho.To.B_new1","AC","B_meerho","B_new1",0.0162,1320,1320,0.003
"Lx-1.To.Lx-2","AC","Lx-1","Lx-2",0.01044,501,501,0.003
"D-229.To.Lx-1","AC","D-229","Lx-1",0.01041,900,900,0.003
"Lx-2.To.Lx-3","AC","Lx-2","Lx-3",0.01228,1001,1001,0.003
"Lx-2.To.D-173","AC","Lx-2","D-173",0.02984,1960,1960,0.003
"NL-1.To.NL-2","AC","NL-1","NL-2",0.0033,5270,5270,0.003
"NL-1.To.NL-3","AC","NL-1","NL-3",0.04229,1768,1768,0.003
"NL-2.To.NL_Meede","AC","NL-2","NL_Meede",0.00294,5270,5270,0.003
"NL-4.To.NL-3","AC","NL-4","NL-3",0.0244,1906,1906,0.003
"NL-3.To.NL-6","AC","NL-3","NL-6",0.01393,914,914,0.003
"NL-7.To.NL-4","AC","NL-7","NL-4",0.01628,1906,1906,0.003
"NL_Meede.To.NL-9","AC","NL_Meede","NL-9",0.01774,5270,5270,0.003
"NL_Meede.To.D_Diele","AC","NL_Meede","D_Diele",0.02576,2740,2740,0.003
"NL-6.To.NL-10","AC","NL-6","NL-10",0.03887,557,557,0.003
"NL-7.To.NL-8","AC","NL-7","NL-8",0.02115,1906,1906,0.003
"NL-9.To.NL-8","AC","NL-9","NL-8",0.00797,3290,3290,0.003
"NL-8.To.NL-10","AC","NL-8","NL-10",0.0222,1906,1906,0.003
"NL-13.To.NL-8","AC","NL-13","NL-8",0.01342,3290,3290,0.003
"NL-9.To.NL_Henge","AC","NL-9","NL_Henge",0.01205,3290,3290,0.003
"NL-13.To.NL-11","AC","NL-13","NL-11",0.00663,1900,1900,0.003
"NL_Henge.To.NL-14","AC","NL_Henge","NL-14",0.00937,4890,4890,0.003
"NL_Henge.To.D_Gronau","AC","NL_Henge","D_Gronau",0.01326,3290,3290,0.003
"NL-13.To.NL-17","AC","NL-13","NL-17",0.01101,3290,3290,0.003
"NL-14.To.NL-16","AC","NL-14","NL-16",0.01074,3290,3290,0.003
"NL-17.To.NL-15","AC","NL-17","NL-15",0.01315,5270,5270,0.003
"NL-16.To.NL-19","AC","NL-16","NL-19",0.00537,3290,3290,0.003
"NL-17.To.NL_Geert","AC","NL-17","NL_Geert",0.00906,3290,3290,0.003
"NL_Geert.To.NL-20","AC","NL_Geert","NL-20",0.00605,4935,4935,0.003
"NL-new1.To.NL_Geert","AC","NL-new1","NL_Geert",0.01593,1645,1645,0.003
"NL-19.To.NL_Maasb","AC","NL-19","NL_Maasb",0.00969,4890,4890,0.003
"NL-20.To.NL_Maasb","AC","NL-20","NL_Maasb",0.00679,3290,3290,0.003
"NL_Maasb.To.NL-22","AC","NL_Maasb","NL-22",0.00492,3290,3290,0.003
"NL_Maasb.To.D_Siersd","AC","NL_Maasb","D_Siersd",0.02275,3290,3290,0.003
"NL_Maasb.To.B_new1","DC","NL_Maasb","B_new1",0.03743,2700,2700,0.003
"NL-new1.To.NL_Borss","AC","NL-new1","NL_Borss",0.00993,1645,1645,0.003
"D-6.To.D-1","AC","D-6","D-1",0.03986,1001,1001,0.003
"D-3.To.D-2","AC","D-3","D-2",0.02269,501,501,0.003
"D-2.To.D-7","AC","D-2","D-7",0.04206,501,501,0.003
"D-3.To.D-8","AC","D-3","D-8",0.02512,501,501,0.003
"D-9.To.D-3","AC","D-9","D-3",0.0241,1001,1001,0.003
"D-3.To.D-13","AC","D-3","D-13",0.0606,701,701,0.003
"D-3.To.D-35","AC","D-3","D-35",0.03567,1301,1301,0.003
"D-4.To.D-6","AC","D-4","D-6",0.02119,1001,1001,0.003
"D-5.To.D-9","AC","D-5","D-9",0.00858,1501,1501,0.003
"D-6.To.D-12","AC","D-6","D-12",0.01225,1201,1201,0.003
"D-6.To.D-14","AC","D-6","D-14",0.03268,701,701,0.003
"D-9.To.D-7","AC","D-9","D-7",0.02661,501,501,0.003
"D-9.To.D-8","AC","D-9","D-8",0.04686,501,501,0.003
"D-9.To.D-15","AC","D-9","D-15",0.01264,501,501,0.003
"D-9.To.D-25","AC","D-9","D-25",0.02589,1001,1001,0.003
"D-9.To.D-52","AC","D-9","D-52",0.10217,501,501,0.003
"D-12.To.D-10","AC","D-12","D-10",0.01449,701,701,0.003
"D-10.To.D-14","AC","D-10","D-14",0.02484,701,701,0.003
"D-14.To.D-11","AC","D-14","D-11",0.02963,1001,1001,0.003
"D-12.To.D-14","AC","D-12","D-14",0.01219,1001,1001,0.003
"D-12.To.D-20","AC","D-12","D-20",0.01274,1201,1201,0.003
"D-13.To.D-19","AC","D-13","D-19",0.03211,1001,1001,0.003
"D-41.To.D-13","AC","D-41","D-13",0.0658,1001,1001,0.003
"D-14.To.D-16","AC","D-14","D-16",0.01884,2001,2001,0.003
"D-14.To.D-17","AC","D-14","D-17",0.00837,1001,1001,0.003
"D-16.To.D-18","AC","D-16","D-18",0.02043,501,501,0.003
"D-17.To.D-21","AC","D-17","D-21",0.0047,1001,1001,0.003
"D-23.To.D-17","AC","D-23","D-17",0.00747,501,501,0.003
"D-24.To.D-18","AC","D-24","D-18",0.08865,501,501,0.003
"D-33.To.D-18","AC","D-33","D-18",0.03387,1001,1001,0.003
"D-20.To.D-23","AC","D-20","D-23",0.00528,701,701,0.003
"D-26.To.D-20","AC","D-26","D-20",0.02608,601,601,0.003
"D-20.To.D-49","AC","D-20","D-49",0.02829,1001,1001,0.003
"D-21.To.D-30","AC","D-21","D-30",0.00896,1001,1001,0.003
"D_Connef.To.D-22","AC","D_Connef","D-22",0.02024,1501,1501,0.003
"D-31.To.D-24","AC","D-31","D-24",0.05279,501,501,0.003
"D-25.To.D-52","AC","D-25","D-52",0.02331,1101,1101,0.003
"D_Connef.To.D-26","AC","D_Connef","D-26",0.00459,501,501,0.003
"D-26.To.D-37","AC","D-26","D-37",0.00815,1001,1001,0.003
"D-29.To.D-27","AC","D-29","D-27",0.01517,1001,1001,0.003
"D_Connef.To.D-29","AC","D_Connef","D-29",0.03467,601,601,0.003
"D_Connef.To.D-32","AC","D_Connef","D-32",0.0186,1501,1501,0.003
"D_Connef.To.D_Diele","AC","D_Connef","D_Diele",0.01313,2201,2201,0.003
"D_Connef.To.D-42","AC","D_Connef","D-42",0.02902,501,501,0.003
"D-55.To.D-30","AC","D-55","D-30",0.01776,1001,1001,0.003
"D-32.To.D-31","AC","D-32","D-31",0.01347,501,501,0.003
"D-31.To.D-36","AC","D-31","D-36",0.02897,501,501,0.003
"D-36.To.D-33","AC","D-36","D-33",0.02412,501,501,0.003
"D-33.To.D-43","AC","D-33","D-43",0.01924,1001,1001,0.003
"D-34.To.D-39","AC","D-34","D-39",0.01516,1301,1301,0.003
"D-41.To.D-34","AC","D-41","D-34",0.03049,1701,1701,0.003
"D-35.To.D-41","AC","D-35","D-41",0.00609,2001,2001,0.003
"D-38.To.D-41","AC","D-38","D-41",0.01162,1001,1001,0.003
"D-52.To.D-38","AC","D-52","D-38",0.02508,501,501,0.003
"D-39.To.D-45","AC","D-39","D-45",0.03612,501,501,0.003
"D-47.To.D-39","AC","D-47","D-39",0.0153,1701,1701,0.003
"D_Diele.To.D-44","AC","D_Diele","D-44",0.0045,1501,1501,0.003
"D-41.To.D-46","AC","D-41","D-46",0.01941,2001,2001,0.003
"D-47.To.D-41","AC","D-47","D-41",0.02821,801,801,0.003
"D-49.To.D-43","AC","D-49","D-43",0.02803,1001,1001,0.003
"D-44.To.D-48","AC","D-44","D-48",0.00507,1001,1001,0.003
"D-62.To.D-46","AC","D-62","D-46",0.01048,2001,2001,0.003
"D-47.To.D-57","AC","D-47","D-57",0.01515,1501,1501,0.003
"D-56.To.D-48","AC","D-56","D-48",0.01164,1001,1001,0.003
"D-48.To.D-65","AC","D-48","D-65",0.01758,501,501,0.003
"D-49.To.D-53","AC","D-49","D-53",0.10009,901,901,0.003
"D-49.To.D-54","AC","D-49","D-54",0.01225,501,501,0.003
"D-49.To.D-59","AC","D-49","D-59",0.0233,1001,1001,0.003
"D-49.To.D-60","AC","D-49","D-60",0.03208,501,501,0.003
"D-49.To.D-63","AC","D-49","D-63",0.0389,501,501,0.003
"D-63.To.D-50","AC","D-63","D-50",0.00514,501,501,0.003
"D-51.To.D-55","AC","D-51","D-55",0.00808,2001,2001,0.003
"D-58.To.D-51","AC","D-58","D-51",0.00608,2001,2001,0.003
"D-57.To.D-52","AC","D-57","D-52",0.04182,501,501,0.003
"D-52.To.D-58","AC","D-52","D-58",0.01156,1001,1001,0.003
"D-79.To.D-52","AC","D-79","D-52",0.02078,501,501,0.003
"D-55.To.D-53","AC","D-55","D-53",0.01649,1001,1001,0.003
"D-53.To.D-69","AC","D-53","D-69",0.0325,1501,1501,0.003
"D-54.To.D-71","AC","D-54","D-71",0.01987,1501,1501,0.003
"D-64.To.D-55","AC","D-64","D-55",0.0095,1501,1501,0.003
"D_Gronau.To.D-56","AC","D_Gronau","D-56",0.00523,1501,1501,0.003
"D-56.To.D-76","AC","D-56","D-76",0.00867,1001,1001,0.003
"D-62.To.D-57","AC","D-62","D-57",0.01097,2001,2001,0.003
"D-57.To.D-70","AC","D-57","D-70",0.03457,501,501,0.003
"D-82.To.D-57","AC","D-82","D-57",0.01853,601,601,0.003
"D-59.To.D-61","AC","D-59","D-61",0.03069,701,701,0.003
"D-59.To.D-66","AC","D-59","D-66",0.01492,501,501,0.003
"D-74.To.D-60","AC","D-74","D-60",0.01802,501,501,0.003
"D-63.To.D-61","AC","D-63","D-61",0.03235,701,701,0.003
"D-68.To.D-62","AC","D-68","D-62",0.00857,1501,1501,0.003
"D-62.To.D-82","AC","D-62","D-82",0.02553,1101,1101,0.003
"D-65.To.D-63","AC","D-65","D-63",0.02004,501,501,0.003
"D-65.To.D-63.(2)","AC","D-65","D-63",0.00958,501,501,0.003
"D-74.To.D-64","AC","D-74","D-64",0.01087,1001,1001,0.003
"D-65.To.D-73","AC","D-65","D-73",0.02133,1001,1001,0.003
"D-100.To.D-65","AC","D-100","D-65",0.08045,501,501,0.003
"D-71.To.D-66","AC","D-71","D-66",0.01998,501,501,0.003
"D-66.To.D-72","AC","D-66","D-72",0.01836,1001,1001,0.003
"D-78.To.D-66","AC","D-78","D-66",0.0428,501,501,0.003
"D_Gronau.To.D-95","AC","D_Gronau","D-95",0.00759,1701,1701,0.003
"D-68.To.D-77","AC","D-68","D-77",0.00463,3601,3601,0.003
"D-69.To.D-75","AC","D-69","D-75",0.01552,1001,1001,0.003
"D-70.To.D-85","AC","D-70","D-85",0.01112,501,501,0.003
"D-71.To.D-78","AC","D-71","D-78",0.00409,1101,1101,0.003
"D-81.To.D-71","AC","D-81","D-71",0.01745,501,501,0.003
"D-78.To.D-73","AC","D-78","D-73",0.01766,701,701,0.003
"D-90.To.D-74","AC","D-90","D-74",0.00993,1001,1001,0.003
"D-75.To.D-96","AC","D-75","D-96",0.02604,1001,1001,0.003
"D-88.To.D-76","AC","D-88","D-76",0.03684,501,501,0.003
"D-76.To.D-91","AC","D-76","D-91",0.0069,501,501,0.003
"D-77.To.D-82","AC","D-77","D-82",0.021,1001,1001,0.003
"D-77.To.D-83","AC","D-77","D-83",0.00745,3101,3101,0.003
"D-78.To.D-84","AC","D-78","D-84",0.028,1001,1001,0.003
"D-88.To.D-78","AC","D-88","D-78",0.03447,501,501,0.003
"D-85.To.D-79","AC","D-85","D-79",0.00935,1001,1001,0.003
"D-80.To.D-83","AC","D-80","D-83",0.01361,2601,2601,0.003
"D-81.To.D-107","AC","D-81","D-107",0.00965,501,501,0.003
"D-92.To.D-82","AC","D-92","D-82",0.02018,1001,1001,0.003
"D-82.To.D-94","AC","D-82","D-94",0.01715,501,501,0.003
"D-82.To.D-113","AC","D-82","D-113",0.01507,1501,1501,0.003
"D-83.To.D-98","AC","D-83","D-98",0.00912,1101,1101,0.003
"D-85.To.D-87","AC","D-85","D-87",0.04422,501,501,0.003
"D-99.To.D-85","AC","D-99","D-85",0.02899,1501,1501,0.003
"D-114.To.D-85","AC","D-114","D-85",0.03238,1001,1001,0.003
"D-86.To.D-88","AC","D-86","D-88",0.01787,1001,1001,0.003
"D-114.To.D-87","AC","D-114","D-87",0.06515,501,501,0.003
"D-88.To.D-91","AC","D-88","D-91",0.00935,501,501,0.003
"D-104.To.D-88","AC","D-104","D-88",0.0118,1001,1001,0.003
"D-89.To.D-103","AC","D-89","D-103",0.01592,501,501,0.003
"D-90.To.D-112","AC","D-90","D-112",0.00706,501,501,0.003
"D-91.To.D-97","AC","D-91","D-97",0.03216,1001,1001,0.003
"D-101.To.D-91","AC","D-101","D-91",0.00325,701,701,0.003
"D-116.To.D-91","AC","D-116","D-91",0.01297,1001,1001,0.003
"D-114.To.D-92","AC","D-114","D-92",0.01501,1001,1001,0.003
"D-100.To.D-93","AC","D-100","D-93",0.01983,1001,1001,0.003
"D-95.To.D-104","AC","D-95","D-104",0.00332,1501,1501,0.003
"D-95.To.D-105","AC","D-95","D-105",0.00334,1001,1001,0.003
"D-96.To.D-106","AC","D-96","D-106",0.01724,501,501,0.003
"D-98.To.D-113","AC","D-98","D-113",0.01954,1401,1401,0.003
"D-103.To.D-99","AC","D-103","D-99",0.02274,1201,1201,0.003
"D-100.To.D-102","AC","D-100","D-102",0.0049,501,501,0.003
"D-100.To.D-109","AC","D-100","D-109",0.01772,1001,1001,0.003
"D-100.To.D-110","AC","D-100","D-110",0.06327,501,501,0.003
"D-100.To.D-126","AC","D-100","D-126",0.01247,1001,1001,0.003
"D-108.To.D-101","AC","D-108","D-101",0.00611,1201,1201,0.003
"D-102.To.D-110","AC","D-102","D-110",0.00315,1601,1601,0.003
"D-113.To.D-103","AC","D-113","D-103",0.01818,1501,1501,0.003
"D-115.To.D-103","AC","D-115","D-103",0.03555,1001,1001,0.003
"D-104.To.D-108","AC","D-104","D-108",0.01377,1001,1001,0.003
"D-116.To.D-107","AC","D-116","D-107",0.01084,501,501,0.003
"D-107.To.D-119","AC","D-107","D-119",0.00964,1001,1001,0.003
"D-108.To.D-111","AC","D-108","D-111",0.01719,1001,1001,0.003
"D-108.To.D-123","AC","D-108","D-123",0.06543,501,501,0.003
"D-110.To.D-123","AC","D-110","D-123",0.00893,1001,1001,0.003
"D-111.To.D-120","AC","D-111","D-120",0.02603,501,501,0.003
"D-123.To.D-111","AC","D-123","D-111",0.04114,601,601,0.003
"D-112.To.D-119","AC","D-112","D-119",0.00573,601,601,0.003
"D-113.To.D-117","AC","D-113","D-117",0.0148,501,501,0.003
"D-113.To.D-121","AC","D-113","D-121",0.01898,501,501,0.003
"D-113.To.D-122","AC","D-113","D-122",0.00679,1001,1001,0.003
"D-129.To.D-113","AC","D-129","D-113",0.02262,2001,2001,0.003
"D-114.To.D-118","AC","D-114","D-118",0.02777,1301,1301,0.003
"D-114.To.D-129","AC","D-114","D-129",0.00734,1501,1501,0.003
"D-115.To.D-125","AC","D-115","D-125",0.02222,501,501,0.003
"D-118.To.D-124","AC","D-118","D-124",0.01437,1001,1001,0.003
"D-119.To.D-124","AC","D-119","D-124",0.00782,701,701,0.003
"D-119.To.D-138","AC","D-119","D-138",0.00852,1201,1201,0.003
"D-120.To.D-131","AC","D-120","D-131",0.01866,501,501,0.003
"D-126.To.D-123","AC","D-126","D-123",0.00661,501,501,0.003
"D-123.To.D-127","AC","D-123","D-127",0.01103,2001,2001,0.003
"D_Rommer.To.D-123","AC","D_Rommer","D-123",0.00481,2001,2001,0.003
"D_Rommer.To.D-123.(2)","AC","D_Rommer","D-123",0.00577,1501,1501,0.003
"D-123.To.D-137","AC","D-123","D-137",0.02421,501,501,0.003
"D-124.To.D-139","AC","D-124","D-139",0.007,501,501,0.003
"D-127.To.D-131","AC","D-127","D-131",0.00695,701,701,0.003
"D_Rommer.To.D-136","AC","D_Rommer","D-136",0.00614,10000,10000,0.003
"D_Rommer.To.D-137","AC","D_Rommer","D-137",0.0203,501,501,0.003
"D-137.To.D_Rommer.(2)","AC","D-137","D_Rommer",0.00401,2601,2601,0.003
"D-129.To.D-134","AC","D-129","D-134",0.0419,1001,1001,0.003
"D-135.To.D-129","AC","D-135","D-129",0.01091,501,501,0.003
"D-129.To.D-142","AC","D-129","D-142",0.01223,2701,2701,0.003
"D-130.To.D-138","AC","D-130","D-138",0.00546,501,501,0.003
"D-131.To.D-133","AC","D-131","D-133",0.02045,501,501,0.003
"D-137.To.D-131","AC","D-137","D-131",0.01862,1001,1001,0.003
"D-137.To.D-131.(2)","AC","D-137","D-131",0.0539,501,501,0.003
"D-138.To.D-131","AC","D-138","D-131",0.0155,801,801,0.003
"D-131.To.D-143","AC","D-131","D-143",0.03292,501,501,0.003
"D_Siersd.To.D-136","AC","D_Siersd","D-136",0.00698,2701,2701,0.003
"D-136.To.D-137","AC","D-136","D-137",0.00844,1501,1501,0.003
"D-136.To.D-147","AC","D-136","D-147",0.01032,1301,1301,0.003
"D-137.To.D-141","AC","D-137","D-141",0.00438,1301,1301,0.003
"D-144.To.D-137","AC","D-144","D-137",0.03882,501,501,0.003
"D-148.To.D-138","AC","D-148","D-138",0.00955,1101,1101,0.003
"D-139.To.D-149","AC","D-139","D-149",0.01509,601,601,0.003
"D-142.To.D-140","AC","D-142","D-140",0.01069,1501,1501,0.003
"D-140.To.D-156","AC","D-140","D-156",0.01575,1501,1501,0.003
"D-141.To.D-144","AC","D-141","D-144",0.00757,1101,1101,0.003
"D-142.To.D-150","AC","D-142","D-150",0.00524,1101,1101,0.003
"D-157.To.D-143","AC","D-157","D-143",0.03585,501,501,0.003
"D-144.To.D-145","AC","D-144","D-145",0.02623,501,501,0.003
"D-155.To.D-144","AC","D-155","D-144",0.0216,601,601,0.003
"D-165/16.To.D-144","AC","D-165/16","D-144",0.02702,901,901,0.003
"D-146.To.D-160","AC","D-146","D-160",0.05996,501,501,0.003
"D-147.To.D-160","AC","D-147","D-160",0.01147,1001,1001,0.003
"D-148.To.D-152","AC","D-148","D-152",0.0075,1001,1001,0.003
"D-148.To.D-153","AC","D-148","D-153",0.00531,501,501,0.003
"D-149.To.D-154","AC","D-149","D-154",0.02415,601,601,0.003
"D-150.To.D-151","AC","D-150","D-151",0.00437,1001,1001,0.003
"D-150.To.D-161","AC","D-150","D-161",0.00944,1201,1201,0.003
"D-150.To.D-170","AC","D-150","D-170",0.0446,1001,1001,0.003
"D-154.To.D-151","AC","D-154","D-151",0.01257,1001,1001,0.003
"D-152.To.D-158","AC","D-152","D-158",0.00442,501,501,0.003
"D-152.To.D-159","AC","D-152","D-159",0.0475,501,501,0.003
"D-171.To.D-154","AC","D-171","D-154",0.01691,501,501,0.003
"D-174.To.D-154","AC","D-174","D-154",0.01699,1101,1101,0.003
"D-154.To.D-179","AC","D-154","D-179",0.01917,1001,1001,0.003
"D-155.To.D-158","AC","D-155","D-158",0.01026,1001,1001,0.003
"D-155.To.D-165/16","AC","D-155","D-165/16",0.00803,1001,1001,0.003
"D-156.To.D-172","AC","D-156","D-172",0.00743,1601,1601,0.003
"D-157.To.D-158","AC","D-157","D-158",0.01529,501,501,0.003
"D-157.To.D-158.(2)","AC","D-157","D-158",0.03324,501,501,0.003
"D-157.To.D-165/16","AC","D-157","D-165/16",0.01849,1001,1001,0.003
"D-158.To.D-159","AC","D-158","D-159",0.02192,501,501,0.003
"D-158.To.D-175","AC","D-158","D-175",0.05944,501,501,0.003
"D-159.To.D-163","AC","D-159","D-163",0.02296,501,501,0.003
"D-160.To.D-162","AC","D-160","D-162",0.03824,1501,1501,0.003
"D-160.To.D_185","AC","D-160","D_185",0.01103,601,601,0.003
"D-229.To.D-160","AC","D-229","D-160",0.01111,7700,7700,0.003
"D-174.To.D-161","AC","D-174","D-161",0.00744,1001,1001,0.003
"D-162.To.D-173","AC","D-162","D-173",0.01425,1501,1501,0.003
"D-163.To.D-174","AC","D-163","D-174",0.08197,501,501,0.003
"D-164.To.D-165/16","AC","D-164","D-165/16",0.11579,501,501,0.003
"D-164.To.D-178","AC","D-164","D-178",0.05981,501,501,0.003
"D-165/16.To.D-177","AC","D-165/16","D-177",0.01324,601,601,0.003
"D-165/16.To.D-177.(2)","AC","D-165/16","D-177",0.03239,501,501,0.003
"D-165/16.To.D-180","AC","D-165/16","D-180",0.02515,1001,1001,0.003
"D-165/16.To.D-182","AC","D-165/16","D-182",0.00888,2301,2301,0.003
"D-170.To.D-172","AC","D-170","D-172",0.04117,1501,1501,0.003
"D-174.To.D-170","AC","D-174","D-170",0.03066,1001,1001,0.003
"D-170.To.D-187","AC","D-170","D-187",0.05028,1001,1001,0.003
"D-182.To.D-171","AC","D-182","D-171",0.03705,501,501,0.003
"D-172.To.D-183","AC","D-172","D-183",0.00758,501,501,0.003
"D-172.To.D-188","AC","D-172","D-188",0.02484,1101,1101,0.003
"D-173.To.D-185","AC","D-173","D-185",0.05271,701,701,0.003
"D-174.To.D-190","AC","D-174","D-190",0.01197,1501,1501,0.003
"D-175.To.D-186","AC","D-175","D-186",0.02608,501,501,0.003
"D-176.To.D-186","AC","D-176","D-186",0.02155,2001,2001,0.003
"D-186.To.D-177","AC","D-186","D-177",0.03433,1001,1001,0.003
"D-177.To.D-192","AC","D-177","D-192",0.01399,1501,1501,0.003
"D-177.To.D-192.(2)","AC","D-177","D-192",0.02786,1001,1001,0.003
"D-180.To.D-178","AC","D-180","D-178",0.02416,501,501,0.003
"D-186.To.D-179","AC","D-186","D-179",0.00976,1501,1501,0.003
"D-194.To.D-179","AC","D-194","D-179",0.04976,1001,1001,0.003
"D-194.To.D-179.(2)","AC","D-194","D-179",0.03177,1101,1101,0.003
"D_185.To.D-180","AC","D_185","D-180",0.00586,1501,1501,0.003
"D-186.To.D-181","AC","D-186","D-181",0.01022,2101,2101,0.003
"D-182.To.D-192","AC","D-182","D-192",0.00817,501,501,0.003
"D-182.To.D-196","AC","D-182","D-196",0.01467,1501,1501,0.003
"D-182.To.D-196.(2)","AC","D-182","D-196",0.01779,1001,1001,0.003
"D-189.To.D-186","AC","D-189","D-186",0.0041,1501,1501,0.003
"D-186.To.D-196","AC","D-186","D-196",0.00742,2101,2101,0.003
"D-196.To.D-186.(2)","AC","D-196","D-186",0.04978,501,501,0.003
"D-187.To.D-190","AC","D-187","D-190",0.02626,601,601,0.003
"D-187.To.D-193","AC","D-187","D-193",0.02456,1001,1001,0.003
"D-188.To.D-191","AC","D-188","D-191",0.01412,1501,1501,0.003
"A_st.Pet.To.D-188","AC","A_st.Pet","D-188",0.04123,1380,1380,0.003
"D-189.To.D-196","AC","D-189","D-196",0.01706,1001,1001,0.003
"D-189.To.D-203","AC","D-189","D-203",0.0247,1601,1601,0.003
"D-190.To.D-197","AC","D-190","D-197",0.01042,3001,3001,0.003
"D-191.To.D-206","AC","D-191","D-206",0.01146,1801,1801,0.003
"D-192.To.D-199","AC","D-192","D-199",0.01999,501,501,0.003
"D-192.To.D-200","AC","D-192","D-200",0.0172,1001,1001,0.003
"D-192.To.D_Eichst","AC","D-192","D_Eichst",0.02273,2001,2001,0.003
"D-193.To.D-231","AC","D-193","D-231",0.04776,1001,1001,0.003
"D-194.To.E-204","AC","D-194","E-204",0.00635,10000,10000,0.003
"D-203.To.D-195","AC","D-203","D-195",0.00588,501,501,0.003
"D-196.To.D-208","AC","D-196","D-208",0.01091,1601,1601,0.003
"E-211.To.D-196","AC","E-211","D-196",0.01569,10000,10000,0.003
"E-218.To.D-196","AC","E-218","D-196",0.02424,10000,10000,0.003
"D-197.To.D-206.(2)","AC","D-197","D-206",0.00558,3001,3001,0.003
"D-202.To.D-198","AC","D-202","D-198",0.00947,1001,1001,0.003
"D-198.To.D-205","AC","D-198","D-205",0.00484,701,701,0.003
"D-207.To.D-198","AC","D-207","D-198",0.01071,1301,1301,0.003
"D-198.To.D-210","AC","D-198","D-210",0.00684,601,601,0.003
"D-200.To.D-212","AC","D-200","D-212",0.023,1001,1001,0.003
"D-203.To.D-201","AC","D-203","D-201",0.00473,501,501,0.003
"D-213.To.D-202","AC","D-213","D-202",0.01139,1001,1001,0.003
"E-217.To.D-203","AC","E-217","D-203",0.05171,10000,10000,0.003
"E-204.To.D-213","AC","E-204","D-213",0.00804,10000,10000,0.003
"D-205.To.D-210","AC","D-205","D-210",0.00496,501,501,0.003
"D-207.To.D-206","AC","D-207","D-206",0.01122,2501,2501,0.003
"D-206.To.D-209","AC","D-206","D-209",0.005,501,501,0.003
"D-206.To.D-216","AC","D-206","D-216",0.01142,501,501,0.003
"D-207.To.D-214","AC","D-207","D-214",0.00599,1001,1001,0.003
"D-208.To.E-215","AC","D-208","E-215",0.01279,10000,10000,0.003
"D-213.To.D-210","AC","D-213","D-210",0.07995,501,501,0.003
"D-210.To.D_leupol","AC","D-210","D_leupol",0.0166,601,601,0.003
"E-211.To.D-213","AC","E-211","D-213",0.00994,10000,10000,0.003
"D-212.To.D_Eichst","AC","D-212","D_Eichst",0.0257,801,801,0.003
"D-213.To.D_leupol","AC","D-213","D_leupol",0.00897,1501,1501,0.003
"D-213.To.E_obermo","AC","D-213","E_obermo",0.01547,10000,10000,0.003
"D-214.To.D_oberbr","AC","D-214","D_oberbr",0.03698,9900,9900,0.003
"E-217.To.E-215","AC","E-217","E-215",0.00685,5100,5100,0.003
"E-220.To.E-217","AC","E-220","E-217",0.02255,501,501,0.003
"E-217.To.D_engstl","AC","E-217","D_engstl",0.01288,1580,1580,0.003
"E-218.To.E_obermo","AC","E-218","E_obermo",0.01232,6600,6600,0.003
"D_Tienge.To.E-218","AC","D_Tienge","E-218",0.02441,10000,10000,0.003
"D-219.To.D_leupol","AC","D-219","D_leupol",0.05398,1001,1001,0.003
"D-219.To.D-224","AC","D-219","D-224",0.04047,501,501,0.003
"D_Eichst.To.D_engstl","AC","D_Eichst","D_engstl",0.04123,601,601,0.003
"D_Eichst.To.D_kuhmoo","AC","D_Eichst","D_kuhmoo",0.01009,1501,1501,0.003
"A_Westti.To.D_leupol","AC","A_Westti","D_leupol",0.01829,1750,1750,0.003
"D_Tienge.To.E-223","AC","D_Tienge","E-223",0.04774,10000,10000,0.003
"E_obermo.To.A_Burs","AC","E_obermo","A_Burs",0.01181,1370,1370,0.003
"E_obermo.To.A_Burs.(2)","AC","E_obermo","A_Burs",0.02231,1370,1370,0.003
"D_oberbr.To.A_Westti","AC","D_oberbr","A_Westti",0.01299,1520,1520,0.003
"D-231.To.D_233","AC","D-231","D_233",0.02237,501,501,0.003
"A_st.Pet.To.D-231","AC","A_st.Pet","D-231",0.0203,900,900,0.003
"A-1.To.A-2","AC","A-1","A-2",0.02017,501,501,0.003
"A-3.To.A-1","AC","A-3","A-1",0.05001,1501,1501,0.003
"A-1.To.A-4","AC","A-1","A-4",0.01261,1701,1701,0.003
"A-7.To.A-1","AC","A-7","A-1",0.08666,1001,1001,0.003
"A-8.To.A-3","AC","A-8","A-3",0.02812,1701,1701,0.003
"A-4.To.A-11","AC","A-4","A-11",0.03454,801,801,0.003
"A-15.To.A-4","AC","A-15","A-4",0.01795,1001,1001,0.003
"A-4.To.A-36","AC","A-4","A-36",0.02746,1001,1001,0.003
"A-5.To.A-7","AC","A-5","A-7",0.02438,901,901,0.003
"A-8.To.A-5","AC","A-8","A-5",0.01477,1001,1001,0.003
"A-6.To.A-10","AC","A-6","A-10",0.02118,1001,1001,0.003
"A_st.Pet.To.A-8","AC","A_st.Pet","A-8",0.02484,1701,1701,0.003
"A-8.To.A-10","AC","A-8","A-10",0.02973,501,501,0.003
"A-13.To.A-8","AC","A-13","A-8",0.02557,1501,1501,0.003
"A_st.Pet.To.A-10","AC","A_st.Pet","A-10",0.02469,1001,1001,0.003
"A_st.Pet.To.A-12","AC","A_st.Pet","A-12",0.01925,1201,1201,0.003
"A_st.Pet.To.A-35","AC","A_st.Pet","A-35",0.04117,460,460,0.003
"A-11.To.A-16","AC","A-11","A-16",0.07008,501,501,0.003
"A-18.To.A-12","AC","A-18","A-12",0.05314,1001,1001,0.003
"A-13.To.A-14","AC","A-13","A-14",0.02018,1001,1001,0.003
"A-14.To.A-16","AC","A-14","A-16",0.04024,901,901,0.003
"A-14.To.A-18","AC","A-14","A-18",0.08739,1101,1101,0.003
"A-15.To.A-22","AC","A-15","A-22",0.0126,901,901,0.003
"A-16.To.A-17","AC","A-16","A-17",0.01782,501,501,0.003
"A-27.To.A-17","AC","A-27","A-17",0.04007,501,501,0.003
"A-20.To.A-18","AC","A-20","A-18",0.01596,1601,1601,0.003
"A-18.To.A-30","AC","A-18","A-30",0.01601,1001,1001,0.003
"A-20.To.A-19","AC","A-20","A-19",0.01721,1001,1001,0.003
"A-21.To.A-19","AC","A-21","A-19",0.01405,1001,1001,0.003
"A_Westti.To.A-20","AC","A_Westti","A-20",0.06754,901,901,0.003
"A-20.To.A-24","AC","A-20","A-24",0.01338,1001,1001,0.003
"A-21.To.A_Westti","AC","A-21","A_Westti",0.03022,10000,10000,0.003
"A-31.To.A-22","AC","A-31","A-22",0.01897,1401,1401,0.003
"A_Burs.To.A_Westti","AC","A_Burs","A_Westti",0.01792,1001,1001,0.003
"A_Westti.To.A-29","AC","A_Westti","A-29",0.01603,1001,1001,0.003
"A-25.To.A_Burs","AC","A-25","A_Burs",0.00508,1501,1501,0.003
"A-30.To.A-26","AC","A-30","A-26",0.04621,501,501,0.003
"A-27.To.A-31","AC","A-27","A-31",0.0199,801,801,0.003
"A_Burs.To.A-33","AC","A_Burs","A-33",0.03475,1001,1001,0.003
"A-30.To.A-32","AC","A-30","A-32",0.08239,501,501,0.003
"A-34.To.A-31","AC","A-34","A-31",0.0215,1501,1501,0.003
"A-32.To.A-34","AC","A-32","A-34",0.01817,701,701,0.003
